{
  "connectorName": "ai.ollama",
  "operationName": "chat",
  "title": "chat",
  "help": "Sends a chat request to the Ollama model with the given messages and tools.\n",
  "elements": [
    {
      "type": "attributeGroup",
      "value": {
        "groupName": "General",
        "elements": [
          {
            "type": "attribute",
            "value": {
              "name": "configRef",
              "displayName": "Connection",
              "inputType": "connection",
              "allowedConnectionTypes": [
                "ai.ollama_ModelProvider"
              ],
              "defaultType": "connection.ai.ollama_ModelProvider",
              "defaultValue": "",
              "required": "true",
              "helpTip": "Connection to be used"
            }
          },
          {
            "type": "attributeGroup",
            "value": {
              "groupName": "Input Variables",
              "elements": [
                {
                  "type": "attribute",
                  "value": {
                    "name": "messagesDataType",
                    "displayName": "messagesDataType",
                    "inputType": "combo",
                    "comboValues": ["array","ChatUserMessage"],
                    "defaultValue": "array",
                    "required": "true",
                    "helpTip": ""
                  }
                }
,{
                  "type": "attribute",
                  "value": {
                    "name": "messagesArray",
                    "displayName": "messagesArray",
                    "inputType": "stringOrExpression",
                    "defaultValue": "",
                    "required": "true",
                    "helpTip": "",
                    "validateType": "",
                    "matchPattern": "",
                    "enableCondition": [{"messagesDataType": "array"}]
                  }
                },,{
                  "type": "attribute",
                  "value": {
                    "name": "messagesChatUserMessage",
                    "displayName": "messagesChatUserMessage",
                    "inputType": "stringOrExpression",
                    "defaultValue": "",
                    "required": "true",
                    "helpTip": "",
                    "validateType": "",
                    "matchPattern": "",
                    "enableCondition": [{"messagesDataType": "ChatUserMessage"}]
                  }
                },,{
                  "type": "attribute",
                  "value": {
                    "name": "tools",
                    "displayName": "tools",
                    "inputType": "stringOrExpression",
                    "defaultValue": "",
                    "required": "true",
                    "helpTip": "",
                    "validateType": "",
                    "matchPattern": ""
                  }
                },{
                  "type": "attribute",
                  "value": {
                    "name": "stopDataType",
                    "displayName": "stopDataType",
                    "inputType": "combo",
                    "comboValues": ["string"],
                    "defaultValue": "string",
                    "required": "false",
                    "helpTip": ""
                  }
                }
,{
                  "type": "attribute",
                  "value": {
                    "name": "stopString",
                    "displayName": "stopString",
                    "inputType": "stringOrExpression",
                    "defaultValue": "",
                    "required": "false",
                    "helpTip": "",
                    "validateType": "",
                    "matchPattern": "",
                    "enableCondition": [{"stopDataType": "string"}]
                  }
                }
              ]
            }
          },
          {
            "type": "attributeGroup",
            "value": {
              "groupName": "Output",
              "elements": [
                {
                  "type": "attribute",
                  "value": {
                    "name": "responseVariable",
                    "displayName": "Output Variable Name",
                    "inputType": "string",
                    "defaultValue": "",
                    "required": "false",
                    "helpTip": "The target variable in which the output of the operation will be stored"
                  }
                },
                {
                  "type": "attribute",
                  "value": {
                    "name": "overwriteBody",
                    "displayName": "Overwrite Message Body",
                    "inputType": "checkbox",
                    "defaultValue": "false",
                    "helpTip": "Replace the Message Body in Message Context with the output payload of the operation (This will remove the payload from the above variable. But other elements such as headers and attributes will remain).",
                    "required": "false"
                  }
                }
              ]
            }
          }
        ]
      }
    }
  ]
}
