<?xml version="1.0" encoding="UTF-8"?>
<!--
  ~ Copyright (c) 2025, WSO2 LLC. (https://www.wso2.com).
  ~
  ~ WSO2 LLC. licenses this file to you under the Apache License,
  ~ Version 2.0 (the "License"); you may not use this file except
  ~ in compliance with the License.
  ~ You may obtain a copy of the License at
  ~
  ~ http://www.apache.org/licenses/LICENSE-2.0
  ~
  ~ Unless required by applicable law or agreed to in writing,
  ~ software distributed under the License is distributed on an
  ~ "AS IS" BASIS, WITHOUT WARRANTIES OR CONDITIONS OF ANY
  ~ KIND, either express or implied.  See the License for the
  ~ specific language governing permissions and limitations
  ~ under the License.
  -->
<template xmlns="http://ws.apache.org/ns/synapse" name="chat">
    <parameter name="responseVariable" description="The target variable in which the output of the operation will be stored"/>
    <parameter name="overwriteBody" description="Replace the Message Body in Message Context with the output payload of the operation"/>
    <parameter name="messagesDataType" description="Select the data type for 'messages' parameter"/>
    <parameter name="messagesArray" description=""/>
    <parameter name="messagesChatUserMessage" description=""/>
    <parameter name="tools" description=""/>
    <parameter name="stopDataType" description="Select the data type for 'stop' parameter"/>
    <parameter name="stopString" description=""/>
    <sequence>
        <property name="param0" value="messages"/>
        <property name="paramType0" value="union"/>
        <property name="param0UnionArray" value="messagesArray"/>
        <property name="param0UnionRecord" value="messagesChatUserMessage"/>
        <property name="param1" value="tools"/>
        <property name="paramType1" value="array"/>
        <property name="param2" value="stop"/>
        <property name="paramType2" value="union"/>
        <property name="param2UnionString" value="stopString"/>
        <property name="paramSize" value="3"/>
        <property name="paramFunctionName" value="chat"/>
        <property name="returnType" value="union"/>

        <class name="io.ballerina.stdlib.mi.BalConnectorFunction">
            <property name="orgName" value="ballerinax"/>
            <property name="moduleName" value="ai.ollama"/>
            <property name="version" value="1"/>
        </class>
    </sequence>
</template>
