<?xml version="1.0" encoding="UTF-8"?>
<!--
  ~ Copyright (c) 2025, WSO2 LLC. (https://www.wso2.com).
  ~
  ~ WSO2 LLC. licenses this file to you under the Apache License,
  ~ Version 2.0 (the "License"); you may not use this file except
  ~ in compliance with the License.
  ~ You may obtain a copy of the License at
  ~
  ~ http://www.apache.org/licenses/LICENSE-2.0
  ~
  ~ Unless required by applicable law or agreed to in writing,
  ~ software distributed under the License is distributed on an
  ~ "AS IS" BASIS, WITHOUT WARRANTIES OR CONDITIONS OF ANY
  ~ KIND, either express or implied.  See the License for the
  ~ specific language governing permissions and limitations
  ~ under the License.
  -->
<component name="functions" type="synapse/template">
    <subComponents>
        <component name="chat">
            <displayName>chat</displayName>
            <file>chat.xml</file>
            <description>Sends a chat request to the Ollama model with the given messages and tools.
</description>
        </component>
        </subComponents>
</component>
