<?xml version="1.0" encoding="UTF-8"?>
<!--
  ~ Copyright (c) 2025, WSO2 LLC. (https://www.wso2.com).
  ~
  ~ WSO2 LLC. licenses this file to you under the Apache License,
  ~ Version 2.0 (the "License"); you may not use this file except
  ~ in compliance with the License.
  ~ You may obtain a copy of the License at
  ~
  ~ http://www.apache.org/licenses/LICENSE-2.0
  ~
  ~ Unless required by applicable law or agreed to in writing,
  ~ software distributed under the License is distributed on an
  ~ "AS IS" BASIS, WITHOUT WARRANTIES OR CONDITIONS OF ANY
  ~ KIND, either express or implied.  See the License for the
  ~ specific language governing permissions and limitations
  ~ under the License.
  -->
<connector>
    <component name="ai.ollama" package="io.ballerina.stdlib.mi">
        <dependency component="config"/>
        <dependency component="functions"/>
        <description>## Overview

This module offers APIs for connecting with Ollama Large Language Models (LLM).

## Prerequisites

Ensure that your Ollama server is running locally before using this module in your Ballerina application.

## Quickstart

To use the &#x60;ai.ollama&#x60; module in your Ballerina application, update the &#x60;.bal&#x60; file as follows:

### Step 1: Import the module

Import the &#x60;ai.ollama&#x60; module.

&#x60;&#x60;&#x60;ballerina
import ballerinax/ai.ollama;
&#x60;&#x60;&#x60;

### Step 2: Intialize the Model Provider

Here&#x27;s how to initialize the Model Provider:

&#x60;&#x60;&#x60;ballerina
import ballerina/ai;
import ballerinax/ai.ollama;

final ai:ModelProvider ollamaModel &#x3D; check new ollama:ModelProvider(&quot;ollamaModelName&quot;);
&#x60;&#x60;&#x60;

### Step 4: Invoke chat completion

&#x60;&#x60;&#x60;ballerina
ai:ChatMessage[] chatMessages &#x3D; [{role: &quot;user&quot;, content: &quot;hi&quot;}];
ai:ChatAssistantMessage response &#x3D; check ollamaModel-&gt;chat(chatMessages, tools &#x3D; []);

chatMessages.push(response);
&#x60;&#x60;&#x60;
</description>
    </component>
    <icon>icon/icon-small.gif</icon>
    <displayName>ai.ollama</displayName>
</connector>
